Title,Link,Channel Name,Channel Link,Subscriber Count,Category,Views,Likes,DislikesDrDisrespect shows why he is the SNIPER GOD in ANY GAME,https://www.youtube.com/watch?v=gF7TSlGv6no&fbclid=IwAR3u-MSia_FTkm1D9hZuQ4w1gxOApAHC08gRv7XFtsfNZ0Z-q-3KiVTmuhk,DrDisRespect,www.youtube.com/channel/UCcJL2ld6kxy_nuV1u7PVQ0g,1.4M,None,"15,824","1,963",27
Ryan Newman hospitalized after terrifying crash at Daytona 500,https://www.youtube.com/watch?v=owURzgtwOSw,#1 on Trending,www.youtube.com/feed/trending,2.32M,None,"1,281,733","9,389","1,014"
Taylor Swift - The Man (Live From Paris),https://www.youtube.com/watch?v=F3aXpa1rQEY,#22 on Trending,www.youtube.com/feed/trending,37.1M,None,"791,761","139,418",874
NBA All-Star Game 2020 | Full Highlights,https://www.youtube.com/watch?v=W26BIFLCWC0,#28 on Trending,www.youtube.com/feed/trending,13.3M,None,"713,000","8,326",314
Never Trust Summit1g in Escape from Tarkov,https://www.youtube.com/watch?v=9lmaoK-FklU,DrDisRespect,www.youtube.com/channel/UCcJL2ld6kxy_nuV1u7PVQ0g,1.4M,None,"260,989","7,911",185
Four Billion Followers. Four Years.,https://www.youtube.com/watch?v=y1JecP8vr1o,DrDisRespect,www.youtube.com/channel/UCcJL2ld6kxy_nuV1u7PVQ0g,1.4M,None,"155,815","8,699",116
Dark Souls by Regole in 36:22 - AGDQ2020,https://www.youtube.com/watch?v=qubpr4XLy5g,Games Done Quick,www.youtube.com/channel/UCI3DTtB-a3fJPjKtQ5kYHfA,799K,None,"974,599","17,861",515
ONLINE RAIDING EVERY BASE ON OUR HIT LIST WITH ROCKETS | RUST (6 of 6),https://www.youtube.com/watch?v=LdvEdgS1Fq4,Friduwulf,www.youtube.com/channel/UCpqHUr1kJihYxNDQTK4t8rQ,161K,None,"82,532","3,138",294
"Doc shows Shroud, Summit1G and the boys how its done in Tarkov",https://www.youtube.com/watch?v=pVAWJ17P-CU,DrDisRespect,www.youtube.com/channel/UCcJL2ld6kxy_nuV1u7PVQ0g,1.4M,None,"352,071","10,621",232
the most extreme game of fortnite ever,https://www.youtube.com/watch?v=D35q6c_MVG4,#16 on Trending for gaming,www.youtube.com/feed/trending?bp=4gILCgkvbS8wYnp2bTI%3D,3.93M,None,"830,649","37,353",575
6 GTA Easter Eggs Found YEARS LATER,https://www.youtube.com/watch?v=1TieKn0W4o0,gameranx,www.youtube.com/channel/UCNvzD7Z-g64bPXxGzaQaa4g,5.53M,None,"3,065,961","62,248","3,604"
The Worst Fake Speedrun on Youtube,https://www.youtube.com/watch?v=AFrQ1_2bbsI,Karl Jobst,www.youtube.com/channel/UC3ltptWa0xfrDweghW94Acg,157K,None,"3,949,469","131,311","2,897"
DR DISRESPECT MEGA RAGE COMPILATION 2019,https://www.youtube.com/watch?v=okDN_CY5RNc,CHAMPIONS CLUB,www.youtube.com/channel/UCwFgZQ4rmtp4VbKvapwksIQ,None,None,"853,697","13,383",391
Is the  *NEW* Prowler the KING of SMGs? (Apex Legends - Season 4),https://www.youtube.com/watch?v=C_PFpoTHhbY,kandyrew,www.youtube.com/channel/UC6u4spnoeIUHtfUZxhG2RfQ,288K,None,"224,502","6,018",108
10 NEAR IMPOSSIBLE Trophies on the PS4,https://www.youtube.com/watch?v=CbiarLHF8TU,gameranx,www.youtube.com/channel/UCNvzD7Z-g64bPXxGzaQaa4g,5.53M,None,"1,388,710","29,803",904
J. Allen Brack's Unrepentant Bullshit (The Jimquisition),https://www.youtube.com/watch?v=ulK3yom1iDY,Jim Sterling,www.youtube.com/channel/UCWCw2Sd7RlYJ2yuNVHDWNOA,896K,None,"334,999","20,770",265
At The Limit! - Escape From Tarkov,https://www.youtube.com/watch?v=b_CaZQ4bqO4,Anton,www.youtube.com/channel/UCAn1oI-WE2wiEtnAk0dMohw,99.5K,None,"54,809","1,666",43
*OG* FORTNITE FASHION SHOW! | MOST OG and EMOTES Wins! [7/8],https://www.youtube.com/watch?v=ckwbuL52VGk,#24 on Trending for gaming,www.youtube.com/feed/trending?bp=4gILCgkvbS8wYnp2bTI%3D,334K,None,"207,872","12,262",180
TIRION + RIVENDARE = BFFs - Hearthstone Battlegrounds,https://www.youtube.com/watch?v=p3lEvnZPr8s,Kripparrian,www.youtube.com/channel/UCeBMccz-PDZf6OB4aV6a3eA,956K,None,"111,150","2,572",113
DrDisrespect Goes on a TOTAL TARKOV RAMPAGE,https://www.youtube.com/watch?v=QKV9ZLsMB5M,DrDisRespect,www.youtube.com/channel/UCcJL2ld6kxy_nuV1u7PVQ0g,1.4M,None,"209,386","7,701",159
"I found a *Secret* Loba tease in Apex Legends, but ran into CHEATERS...so I EXPOSED them! (Gameplay)",https://www.youtube.com/watch?v=3r4BEoTUaH4,Raynday Gaming,www.youtube.com/channel/UC2lU0xK5HgeNwzFaWKuBt8A,308K,None,"24,379","1,838",57
When You Can't Decide Which SMG is Better... - PS4 Apex Legends,https://www.youtube.com/watch?v=tvtZRKRwfQ4,iTemp Plays,www.youtube.com/channel/UCxE76PmXA8V_5wHOWGpRrmA,812K,None,"198,120","7,761",85
DrDisrespect's INSANE GAME on Escape From Tarkov [17 FRAGS],https://www.youtube.com/watch?v=hr7KXv94eog,DrDisRespect,www.youtube.com/channel/UCcJL2ld6kxy_nuV1u7PVQ0g,1.4M,None,"164,231","5,973",164
The END of DrDisrespect's CAREER,https://www.youtube.com/watch?v=Lig540xKio0,DrDisRespect,www.youtube.com/channel/UCcJL2ld6kxy_nuV1u7PVQ0g,1.4M,None,"647,545","18,397",634
"Denny Hamlin talks after Daytona 500, Ryan Newman crash | Motorsports on NBC",https://www.youtube.com/watch?v=GI9dteiE8f4,#4 on Trending,www.youtube.com/feed/trending,163K,None,"219,794","1,410",262
Oil change scams: Hidden camera investigation on what really happens to your car (CBC Marketplace),https://www.youtube.com/watch?v=-avpx8UTakI,CBC News,www.youtube.com/channel/UCuFFtHWoLl5fauMMD5Ww2jA,1.79M,None,"29,669,782","168,901","12,212"
Daytona 500 2020 | EXTENDED HIGHLIGHTS | Motorsports on NBC,https://www.youtube.com/watch?v=XkFe4HcCVnY,Motorsports on NBC,www.youtube.com/channel/UC1QQAUSQX4DF9XXne54oCgQ,163K,None,"59,041",750,66
We drove these electric cars until they DIED!,https://www.youtube.com/watch?v=ZH7V2tU3iFc,carwow,www.youtube.com/channel/UCUhFaUpnq31m6TNX2VKVSVA,3.48M,None,"4,596,741","82,826","2,923"
"Danger Dan’s Missing 2JZ Swapped Nissan 240sx Multiplies, AND Your Kei Truck questions are answered!",https://www.youtube.com/watch?v=PT_ijuUvKzo,Hoonigan Project Cars,www.youtube.com/channel/UCCQAt0ipBbsOOIFpIDu9z2Q,522K,None,"170,635","6,552",65
Ryan Newman sent to hospital after Daytona 500 crash,https://www.youtube.com/watch?v=oZGRfIE5l6Q,WSLS 10,www.youtube.com/channel/UCaFgN6V43Xo1pRjQ4PjlSqw,23.8K,None,"301,641",947,133
Tucker sounds off on new Jussie Smollett developments,https://www.youtube.com/watch?v=ue5i_9b7Bm4,Fox News,www.youtube.com/channel/UCXIJgqnII2ZOINSWNOGFThA,4.35M,None,"1,793,536","60,463","1,932"
Michael Jackson's maid reveals sordid Neverland secrets | 60 Minutes Australia,https://www.youtube.com/watch?v=1Yp91zKBGgY,60 Minutes Australia,www.youtube.com/channel/UC0L1suV8pVgO4pCAIBNGx5w,1.54M,None,"13,480,418","119,182","50,037"
Rental car ripoffs: Hidden camera investigation (Marketplace),https://www.youtube.com/watch?v=xctScalMkYs,CBC News,www.youtube.com/channel/UCuFFtHWoLl5fauMMD5Ww2jA,1.79M,None,"1,345,005","13,624","1,133"
Watch in 360 the inside of a nuclear reactor from the size of an atom with virtual reality,https://www.youtube.com/watch?v=6K5gy3RLcKc,EDF in the UK,www.youtube.com/channel/UCCx9bJe8W7bCtDjbEk8iT2A,10.9K,None,"13,619,868","19,182","1,320"
Ryan Newman NASCAR Crash,https://www.youtube.com/watch?v=p11IUYaf4XM,WesleyAPEX,www.youtube.com/channel/UCqHr8Y29dVnwiJaNRD4aXrA,176K,None,"463,055","1,679",128
"Jerry Seinfeld on Julia Louis-Dreyfus & ""Seinfeld"" | 2018 Mark Twain Prize",https://www.youtube.com/watch?v=4USDQ3pYfJk,The Kennedy Center,www.youtube.com/channel/UCeJesXuEK5ERsyh-0DvM4PQ,251K,None,"3,214,471","18,880","1,018"
Reporter granted rare access inside secretive North Korea | 60 Minutes Australia,https://www.youtube.com/watch?v=5iGClYMpcpE,60 Minutes Australia,www.youtube.com/channel/UC0L1suV8pVgO4pCAIBNGx5w,1.54M,None,"1,319,553","11,533","2,643"
"Trump and Phil Robertson Freak Out About ""Socialism"": A Closer Look",https://www.youtube.com/watch?v=X9LJV_eO34c,Late Night with Seth Meyers,www.youtube.com/channel/UCVTyTA7-g9nopHeHbeuvpRA,3.45M,None,"6,600,311","40,344","2,512"
Ryan Newman hospitalized after crash in Daytona 500.,https://www.youtube.com/watch?v=rmCX-yOznpQ,WKMG News 6 ClickOrlando,www.youtube.com/channel/UCjpzEgbbDUg4YC6vpSrzsyg,31.6K,None,"53,390",252,12
Former Deputy AG Under Bush Calls For Barr To Resign | Morning Joe | MSNBC,https://www.youtube.com/watch?v=3DxqDiuIPGM,MSNBC,www.youtube.com/channel/UCaXkIU1QidjPwiAYu6GcHjg,2.37M,None,"104,815","3,322",158
The 'Big One' takes out the leaders at Daytona,https://www.youtube.com/watch?v=7H9D_sjS4l8,NASCAR,www.youtube.com/channel/UCuN9hYw2RpoAW8rZ3VK3isA,449K,None,"142,799","1,079",48
Trump Uses Taxpayer Money To Visit Daytona 500,https://www.youtube.com/watch?v=uM_Y_7vtu8I,TYT Sports,www.youtube.com/channel/UCPahzXZvF8f5bRJ5TNvZS8w,439K,None,"5,712",465,71
Coronavirus: Americans from quarantined cruise ship flown from Japan - BBC News,https://www.youtube.com/watch?v=lJx5Tm8Jdy8,BBC News,www.youtube.com/channel/UC16niRr50-MSBwiO3YDb3RA,6.29M,None,"182,468","1,807",131
"He's known Bill Barr for 40 years. Now, he's calling for his resignation",https://www.youtube.com/watch?v=EEQhanL6Qwg,CNN,www.youtube.com/channel/UCupvZG-5ko_eiXAupbDfxWw,8.57M,None,"393,241","5,450",563
Taylor Swift - The Man (Lyric Video),https://www.youtube.com/watch?v=tbEekLA7J3Y,Taylor Swift,www.youtube.com/channel/UCqECaJ8Gagnn7YCbPEzWH6g,37.1M,None,"5,928,964","410,397","8,670"
Taylor Swift - Live at the 2019 American Music Awards,https://www.youtube.com/watch?v=SVY8I46dkb0,Taylor Swift,www.youtube.com/channel/UCqECaJ8Gagnn7YCbPEzWH6g,37.1M,None,"26,835,729","1,010,705","21,306"
Ellen the Homework Helperer,https://www.youtube.com/watch?v=CS7dD9mv4Ws,TheEllenShow,www.youtube.com/channel/UCp0hYYBW6IMayGgR-WeoCvQ,36.5M,None,"5,897,628","89,242","1,552"
Taylor Swift's EX-BOYFRIENDS Talking About Her,https://www.youtube.com/watch?v=g7Y7Ly_hnZ0,Pop Corn,www.youtube.com/channel/UCKTZ2MmK0_9hZVBhiuVp_xw,181,None,"121,783","1,264",97
【1080p】2020 - QUEEN+Adam Lambert - Fire Fight Concert - Australia,https://www.youtube.com/watch?v=ijntCN1BVlI,TOH_ DAI,www.youtube.com/channel/UC1JOgmMMLgkVVrDRLBUX8ng,4.3K,None,"257,632","5,408",142
Penelope: Man and Wife - SNL,https://www.youtube.com/watch?v=9gGvvdGWMKA,Saturday Night Live,www.youtube.com/channel/UCqFzWxSCi39LnW1JKFR3efg,9.79M,None,"4,233,395","44,813","1,168"
7 Actors Who Are Surprisingly Good Singers | ⭐ OSSA Lists,https://www.youtube.com/watch?v=NTKlkOKr7CU,OSSA,www.youtube.com/channel/UCQfKpN66UN8d5Z15gFV9PGQ,457K,None,"417,186","6,552",846
Lady Gaga's FULL Pepsi Zero Sugar Super Bowl LI Halftime Show | NFL,https://www.youtube.com/watch?v=txXwg712zw4,NFL,www.youtube.com/channel/UCDVYQ4Zhbm3S2dlz7P1GBDg,6.35M,None,"64,969,818","776,932","45,776"
The Greatest Showman - This Is Me [Official Lyric Video],https://www.youtube.com/watch?v=Rj4Yu9Utdw0,20th Century Studios Indonesia,www.youtube.com/channel/UC4UGyeC2JFnrAL6AQH_E4sw,78.1K,None,"21,286,196","188,774","4,050"
"Taylor Swift | House Tour 2019 | New York City, LA, Nashville & Rhode Island Mega Mansions",https://www.youtube.com/watch?v=kpfI4gfyc8c,Famous Entertainment,www.youtube.com/channel/UCkrKgPRTzgfFE6NLWvx3vUQ,110K,None,"269,839","5,813",297
"OFF LIVE - Taylor Swift ""Live On The Seine"" @ Paris, FRANCE",https://www.youtube.com/watch?v=8W_278Mc0Lo,OFF Productions,www.youtube.com/channel/UCZctYnv6VrPF0XKoldNB5AA,112K,None,"4,542,037","37,004",777
Jonas Brothers - What A Man Gotta Do (Official Video),https://www.youtube.com/watch?v=XejVB_fba04,Jonas Brothers,www.youtube.com/channel/UCFvXnyAhluG3sa6p3eOs_LA,4.54M,None,"39,978,544","1,111,643","27,626"
Top 10 Underrated Taylor Swift Songs,https://www.youtube.com/watch?v=t_-IrLbP1zs,MsMojo,www.youtube.com/channel/UC3rLoj87ctEHCcS7BuvIzkQ,3.2M,None,"461,989","13,569",278
"Taylor Swift Performs ""Out Of The Woods"" at GRAMMY Museum",https://www.youtube.com/watch?v=hHN0ca6lf1c,GRAMMY Museum,www.youtube.com/channel/UCDhUFkJSAIz4gbZ869htJRw,23.1K,None,"11,817,520","139,235","1,836"
Maroon 5 - Girls Like You ft. Cardi B (Volume 2) (Official Music Video),https://www.youtube.com/watch?v=cBVGlBWQzuc,Maroon 5,www.youtube.com/channel/UCBVjMGOIkavEAhyqpxJ73Dw,29.7M,None,"378,648,425","2,625,776","106,659"
"Taylor performs ""Blank Space"" at The GRAMMY Museum",https://www.youtube.com/watch?v=p1Zt47V3pPw,Taylor Swift,www.youtube.com/channel/UCqECaJ8Gagnn7YCbPEzWH6g,37.1M,None,"11,653,106","220,581","2,280"
Taylor Swift - You Need To Calm Down,https://www.youtube.com/watch?v=Dkk9gvTmCXY,Taylor Swift,www.youtube.com/channel/UCqECaJ8Gagnn7YCbPEzWH6g,37.1M,None,"184,287,932","3,507,357","292,008"
"Lady Gaga, Bradley Cooper - Shallow (Live at 2019 Academy Awards)",https://www.youtube.com/watch?v=Ew_Wd5bMOB0,Will Edzy Hartwin,www.youtube.com/channel/UCfPZRCb0xppL9AppPSMGg2A,9.88K,None,"10,659,360","59,012","2,810"
TOP 10 | BEST TAYLOR SWIFT Blind Auditions in The Voice Kids,https://www.youtube.com/watch?v=MrN7iXL8c4U,Best of The Voice Kids,www.youtube.com/channel/UC4pTrQqndbuz1XxGyp_i6Zg,1.07M,None,"663,849","16,112",254
"The Greatest Showman | ""Rewrite The Stars"" Lyric Video | Fox Family Entertainment",https://www.youtube.com/watch?v=yO28Z5_Eyls,Fox Family Entertainment,www.youtube.com/channel/UCNDaFXLGF7W6ADJ7eUwIhgg,431K,None,None,None,None
2020 NBA Slam Dunk Contest - Full Highlights - 2020 NBA All-Star Saturday Night,https://www.youtube.com/watch?v=LGR-Qfeb88c,#13 on Trending,www.youtube.com/feed/trending,2.25M,None,"9,128,573","102,325","13,472"
2020 NBA Three Point Contest - Full Highlights,https://www.youtube.com/watch?v=G32Em_VgCXg,House of Highlights,www.youtube.com/channel/UCqQo7ewe87aYAe7ub5UqXMw,2.25M,None,"2,277,608","18,172",606
"2020 NBA All-Star Game - Full Game Highlights - Team LeBron vs Team Giannis - February 16, 2020",https://www.youtube.com/watch?v=eSXBikj6d0U,House of Highlights,www.youtube.com/channel/UCqQo7ewe87aYAe7ub5UqXMw,2.25M,None,"11,575,345","148,373","5,588"
The Game Kobe Bryant Showed LeBron James WHO'S MVP! EPIC Duel Highlights 2009.01.19 - MUST SEE,https://www.youtube.com/watch?v=Zw7Qxy6aKeY,House of Highlights,www.youtube.com/channel/UCqQo7ewe87aYAe7ub5UqXMw,2.25M,None,"735,443","5,768",238
None,https://www.youtube.com/watch?v=tXfEHI7GLyk,None,None,None,None,None,None,None
Spain vs USA - Gold Medal Match | Beijing 2008 | Throwback Thursday,https://www.youtube.com/watch?v=-eHxLqT21r8,Olympic,www.youtube.com/channel/UCTl3QQTvqHFjurroKxexy2Q,4.19M,None,"6,631,131","33,612","1,982"
Every Dunk Contest Winner Since 2000,https://www.youtube.com/watch?v=O3XIg_DhbmE,NBA,www.youtube.com/channel/UCWJ2lWNubArHWmf3FIHbfcQ,13.3M,None,"140,966","2,722",77
The Game Rookie Damian Lillard SHOCKED Kobe Bryant 2013.04.10 - EPIC Duel Highlights!,https://www.youtube.com/watch?v=--ARCAZ0MCk,House of Highlights,www.youtube.com/channel/UCqQo7ewe87aYAe7ub5UqXMw,2.25M,None,"2,681,472","25,513",716
Chris Paul changed the All-Star Game -- then had his best dunk in forever  | The Jump,https://www.youtube.com/watch?v=u3NXGMiY3oM,ESPN,www.youtube.com/channel/UCiWLfSweyRNmLpgEHekhoAg,6.61M,None,"450,260","5,351",155
2020 NBA Rising Stars - Full Game Highlights - World vs USA | 2020 NBA All-Star Weekend,https://www.youtube.com/watch?v=61Q6y6UzRQM,House of Highlights,www.youtube.com/channel/UCqQo7ewe87aYAe7ub5UqXMw,2.25M,None,"4,302,739","50,804","1,264"
Every NBA Team's Best Play Of The Decade,https://www.youtube.com/watch?v=pS036KpTis0,NBA,www.youtube.com/channel/UCWJ2lWNubArHWmf3FIHbfcQ,13.3M,None,"2,291,547","33,074",727
2020 NBA Slam Dunk Contest - ALL 50 POINT DUNKS,https://www.youtube.com/watch?v=cGPK2N81dbs,House of Highlights,www.youtube.com/channel/UCqQo7ewe87aYAe7ub5UqXMw,2.25M,None,"826,901","5,450",234
10 Greatest Signature Moves In NBA History!,https://www.youtube.com/watch?v=SKPostNgEqI,Andy Hoops,www.youtube.com/channel/UC8YobflSXeylcN6vg99IPAw,334K,None,"12,020,981","64,439","5,340"
#ATTSlamDunk Contest | 2020 NBA All-Star | Full Highlights,https://www.youtube.com/watch?v=x8TS9if_etk,NBA,www.youtube.com/channel/UCWJ2lWNubArHWmf3FIHbfcQ,13.3M,None,"451,676","5,285",575
Stephen A. loves the Kobe-inspired changes to the NBA All-Star Game format | First Take,https://www.youtube.com/watch?v=ZwlKyUdUqP4,#18 on Trending,www.youtube.com/feed/trending,6.61M,None,"542,487","8,770",193
2020 NBA All-Star Game - LAST 5 MINUTES,https://www.youtube.com/watch?v=BMuh1hZ0764,House of Highlights,www.youtube.com/channel/UCqQo7ewe87aYAe7ub5UqXMw,2.25M,None,"821,405","9,912",303
2020 NBA Slam Dunk Contest - Round 1 - Full Highlights - 2020 NBA All-Star Saturday Night,https://www.youtube.com/watch?v=wT_RDoX3avU,House of Highlights,www.youtube.com/channel/UCqQo7ewe87aYAe7ub5UqXMw,2.25M,None,"2,195,421","22,217",787
The Top 100 Plays of the 2016-2017 NBA Season,https://www.youtube.com/watch?v=ecjq2jyT7B8,NBA,www.youtube.com/channel/UCWJ2lWNubArHWmf3FIHbfcQ,13.3M,None,"796,133","5,575",198
Kobe Bryant vs Michael Jordan Highlights (2003 All-Star Game) - Kobe Farewell Jordan!,https://www.youtube.com/watch?v=-19hK8TF-GY,MJ23 His Airness Forever,www.youtube.com/channel/UCxeoDNuApdMcmL3WUFoki2A,60.1K,None,"2,121,975","14,256",683
2020 NBA All-Star Game - INTENSE 4th Quarter Full Highlights,https://www.youtube.com/watch?v=K9RteI0BE7c,House of Highlights,www.youtube.com/channel/UCqQo7ewe87aYAe7ub5UqXMw,2.25M,None,"1,292,443","11,852",374
Shroud Going Hardcore Fresh Start New Account - Escape from Tarkov,https://www.youtube.com/watch?v=hKrnQy4tFhE,In the Game,www.youtube.com/channel/UC3eQSmQrbZdu1YFWjmiNLUg,None,None,"949,123","9,351",692
Doc's Funniest Game Ever on PUBG with Random Kid!,https://www.youtube.com/watch?v=FHkcnxp4250,Best Twitch Moments,www.youtube.com/channel/UCqpnY6vL5z__s630z9hSy1w,351K,None,"6,774,326","53,259","7,416"
Summit1g $30 Million Escape from Tarkov Run! (EFT $30 Million Summit1g),https://www.youtube.com/watch?v=wXcnV8pg1Ws,Summm Memes,www.youtube.com/channel/UCDdolnLE6LbWfONeoKvxWOA,40.6K,None,"555,894","7,148",381
SHROUD REACTS TO *Over 20mins of DrDisRespect rants and rage* by GABstract Podcast,https://www.youtube.com/watch?v=UHNPKQJb74M,TwitchReacts,www.youtube.com/channel/UCEqOF1B64en-iPpvMn31oow,193K,None,"1,792,266","21,560",872
At The Limit! - Escape From Tarkov,https://www.youtube.com/watch?v=b_CaZQ4bqO4,Anton,www.youtube.com/channel/UCAn1oI-WE2wiEtnAk0dMohw,99.5K,None,"54,809","1,666",43
Summit1g Funniest GTA 5 RP Moments Of 2019 (Charles Johnson GTA 5 RP 2019) (Part 1/2),https://www.youtube.com/watch?v=fLiA1ZghSY0,Funny Gaming Videos,www.youtube.com/channel/UC10-zX7dHjuoxLqE4wFsn8A,12.7K,None,"58,215",461,27
Four Billion Followers. Four Years.,https://www.youtube.com/watch?v=y1JecP8vr1o,DrDisRespect,www.youtube.com/channel/UCcJL2ld6kxy_nuV1u7PVQ0g,1.4M,None,"155,815","8,700",116
DrDisRespect's Funniest Moments of All Time 2017-2019 ~ Best DrDisRespect Moments #109,https://www.youtube.com/watch?v=_NUxsfpY1uU,DrDisRespect and Shroud Clips,www.youtube.com/channel/UCwyaCn9xINXnoq_wJZFPnJw,42.1K,None,"366,725","4,672",142
Shroud 1.2 Million Run On Labs - Escape From Tarkov,https://www.youtube.com/watch?v=_gh2wtRrHts,In the Game,www.youtube.com/channel/UC3eQSmQrbZdu1YFWjmiNLUg,None,None,"458,037","3,955",298
Yassuo | ARE WE THE BEST TEAM IN TWITCH RIVALS?!? (Twitch Rivals Scrims),https://www.youtube.com/watch?v=GhGZhJaLACk,Yassuo,www.youtube.com/channel/UCO4NTLDIYKEV_sEwjZq7ghw,1.41M,None,"181,166","9,141",106
Shroud Best Raid Of The Day 24000 Xp Escape from Tarkov,https://www.youtube.com/watch?v=wKdmgFmkW2A,In the Game,www.youtube.com/channel/UC3eQSmQrbZdu1YFWjmiNLUg,None,None,"174,712","1,282",126
DrDisRespect's 31-KiII Game on PUBG with Shroud (DrDisRespect and Shroud Best PUBG Game),https://www.youtube.com/watch?v=XNQb7dbNHKc,Best Twitch Moments,www.youtube.com/channel/UCqpnY6vL5z__s630z9hSy1w,351K,None,"1,380,485","10,679",670
DrDisRespect's Most Viewed Twitch Clips of All Time!,https://www.youtube.com/watch?v=q8_-btEvkqY,Best Twitch Moments,www.youtube.com/channel/UCqpnY6vL5z__s630z9hSy1w,351K,None,"3,024,152","41,890","1,872"
Shroud Squad Top Streamers - Escape From Tarkov,https://www.youtube.com/watch?v=34tF2UR6cYg,In the Game,www.youtube.com/channel/UC3eQSmQrbZdu1YFWjmiNLUg,None,None,"190,499",896,92
"Doc shows Shroud, Summit1G and the boys how its done in Tarkov",https://www.youtube.com/watch?v=pVAWJ17P-CU,DrDisRespect,www.youtube.com/channel/UCcJL2ld6kxy_nuV1u7PVQ0g,1.4M,None,"352,071","10,621",232
DR DISRESPECT MEGA RAGE COMPILATION 2019,https://www.youtube.com/watch?v=okDN_CY5RNc,CHAMPIONS CLUB,www.youtube.com/channel/UCwFgZQ4rmtp4VbKvapwksIQ,None,None,"853,697","13,383",391
Shroud Million Dollar Scav Reserve Run - Escape From Tarkov,https://www.youtube.com/watch?v=lS0mDTukusY,In the Game,www.youtube.com/channel/UC3eQSmQrbZdu1YFWjmiNLUg,None,None,"166,071","1,191",204
Summit1g REACTS Escape from Tarkov Twitch Clips,https://www.youtube.com/watch?v=bJsIJnqFhd0,Summm Memes,www.youtube.com/channel/UCDdolnLE6LbWfONeoKvxWOA,40.6K,None,"155,903","1,114",61
T7 Thermals - The Most Powerful Item in Escape from Tarkov,https://www.youtube.com/watch?v=aVZomL4c3OM,DeadlySlob,www.youtube.com/channel/UCvG50sPKoj869ml1jgA1RJg,214K,None,"126,643","3,046",124
Shroud Hardcore Jimmy New Account Progress #5 - Escape from Tarkov,https://www.youtube.com/watch?v=iggB5wkQYCQ,In the Game,www.youtube.com/channel/UC3eQSmQrbZdu1YFWjmiNLUg,None,None,"133,008","1,050",55
The History of Dr DisRespect - Twitch Superstar | The History of ESPORTS (PUBG H1Z1 COD),https://www.youtube.com/watch?v=I9e_85TuaBA,Slush,www.youtube.com/channel/UCuRf8qJbWGYrxIxzNagoOCA,65.7K,None,"2,783,656","73,036","2,191"
Over 20mins of DrDisRespect rants and rage,https://www.youtube.com/watch?v=Jjmqkq10kxY,GABstract Podcast,www.youtube.com/channel/UCS0JGHhEvX5fC75XqSBECbQ,None,None,"744,910","9,973",562
DrDisrespect & Shroud BOTH RAGE QUIT PUBG After STRUGGLING With Stream Snipers!,https://www.youtube.com/watch?v=XhjmkB1wwwY,The2Time,www.youtube.com/channel/UChYdOM1Qgzj9jnKrFWRBj8Q,42.5K,None,"350,643","3,481",259
"Summit Gets REPORTED by ""Streamer""! (Sea of Thieves Summit1g Trolling PVE Players)",https://www.youtube.com/watch?v=bO4su-hgvDI,Summm Memes,www.youtube.com/channel/UCDdolnLE6LbWfONeoKvxWOA,40.6K,None,"688,504","5,190","1,032"
10 Minutes of DrDisrespect and TimtheTatMan DRAMA,https://www.youtube.com/watch?v=rkwHzT8In3o,DrDisRespect,www.youtube.com/channel/UCcJL2ld6kxy_nuV1u7PVQ0g,1.4M,None,"1,141,068","27,576",577
My viewers sent me their funniest memes - Pokelawls sub alert contest #6,https://www.youtube.com/watch?v=Y0-lGflbx_4,Pokelawls,www.youtube.com/channel/UCTRsXJ23TtIOXXUq_qS9p9w,248K,None,"63,433","2,313",42
Shroud Going Hardcore Fresh Start New Account - Escape from Tarkov,https://www.youtube.com/watch?v=hKrnQy4tFhE,In the Game,www.youtube.com/channel/UC3eQSmQrbZdu1YFWjmiNLUg,None,None,"949,123","9,351",692
Doc's Funniest Game Ever on PUBG with Random Kid!,https://www.youtube.com/watch?v=FHkcnxp4250,Best Twitch Moments,www.youtube.com/channel/UCqpnY6vL5z__s630z9hSy1w,351K,None,"6,774,326","53,259","7,416"
Timthetatman Reacts to DrDisrespect's MEGA RAGE on Fortnite.,https://www.youtube.com/watch?v=ROCPsn1GHhA,CHAMPIONS CLUB,www.youtube.com/channel/UCwFgZQ4rmtp4VbKvapwksIQ,None,None,"372,134","4,484",196
Impractical Jokers 200th Episode: 200 Min of Punishments | truTV,https://www.youtube.com/watch?v=Ger6gU_9v9A,truTV,www.youtube.com/channel/UCb0xfM3HGOsqPYNAocXXNAQ,2.43M,None,"545,910","12,110",185
DrDisRespect's 31-KiII Game on PUBG with Shroud (DrDisRespect and Shroud Best PUBG Game),https://www.youtube.com/watch?v=XNQb7dbNHKc,Best Twitch Moments,www.youtube.com/channel/UCqpnY6vL5z__s630z9hSy1w,351K,None,"1,380,485","10,679",670
ONLINE RAIDING EVERY BASE ON OUR HIT LIST WITH ROCKETS | RUST (6 of 6),https://www.youtube.com/watch?v=LdvEdgS1Fq4,Friduwulf,www.youtube.com/channel/UCpqHUr1kJihYxNDQTK4t8rQ,161K,None,"82,532","3,139",294
DrDisRespect Dies and Spectates Hacker (Aimbot + WallHack) in Blackout! (11/30/18),https://www.youtube.com/watch?v=7lcYg-gUu4E,CHAMPIONS CLUB,www.youtube.com/channel/UCwFgZQ4rmtp4VbKvapwksIQ,None,None,"6,944,211","64,275","9,750"
DrDisrespect 2018 FUNNY Moments Compilation! (Hilarious!),https://www.youtube.com/watch?v=gkZe_t2_o1o,The2Time,www.youtube.com/channel/UChYdOM1Qgzj9jnKrFWRBj8Q,42.5K,None,"259,020","2,351",138
"TOP 25 MOST VIEWED TWITCH CLIPS OF 2017 [VIRAL] (Shroud, Drdisrespect, Boogie2988, Reckful, & More)",https://www.youtube.com/watch?v=6N2pUSzLQOA,Locandro,www.youtube.com/channel/UCosCUuVjdtt8seyBgyNk81w,568K,None,"5,993,778","72,628","3,911"
SHROUD AND DRDISRESPECT BACK TO PUBG *FUNNY DUO*,https://www.youtube.com/watch?v=hHLk5SBHzU8,TwitchReacts,www.youtube.com/channel/UCEqOF1B64en-iPpvMn31oow,193K,None,"218,928","2,108",98
DrDisRespect's Funniest Moments of All Time 2017-2019 ~ Best DrDisRespect Moments #109,https://www.youtube.com/watch?v=_NUxsfpY1uU,DrDisRespect and Shroud Clips,www.youtube.com/channel/UCwyaCn9xINXnoq_wJZFPnJw,42.1K,None,"366,725","4,672",142
At The Limit! - Escape From Tarkov,https://www.youtube.com/watch?v=b_CaZQ4bqO4,Anton,www.youtube.com/channel/UCAn1oI-WE2wiEtnAk0dMohw,99.5K,None,"54,809","1,666",43
DrDisrespect casts Shroud's performance of a LIFETIME,https://www.youtube.com/watch?v=RpV83ub287A,DrDisRespect,www.youtube.com/channel/UCcJL2ld6kxy_nuV1u7PVQ0g,1.4M,None,"1,142,194","25,637",706
Ninja VERSUS DrDisrespect in HIGH-END Modern Warfare Tournament,https://www.youtube.com/watch?v=nG2QlgpnLXM,DrDisRespect,www.youtube.com/channel/UCcJL2ld6kxy_nuV1u7PVQ0g,1.4M,None,"1,021,950","33,892","1,113"
Dark Souls III by spacey1 in 1:39:37 - AGDQ2019,https://www.youtube.com/watch?v=37bvLh-g0Pk,Games Done Quick,www.youtube.com/channel/UCI3DTtB-a3fJPjKtQ5kYHfA,799K,None,"1,670,376","14,887",737
The Binding Of Isaac Afterbirth+ by StoneAgeMarcus in 1:12:41 - AGDQ2020,https://www.youtube.com/watch?v=wVvBld8bVdc,Games Done Quick,www.youtube.com/channel/UCI3DTtB-a3fJPjKtQ5kYHfA,799K,None,"498,562","7,181",401
Fallout Anthology by tomatoangus in 2:16:21 - AGDQ2020,https://www.youtube.com/watch?v=T2SatL2mx3I,Games Done Quick,www.youtube.com/channel/UCI3DTtB-a3fJPjKtQ5kYHfA,799K,None,"618,040","9,710",417
The Elder Scrolls V: Skyrim by DrTChops in 46:20 - SGDQ 2016 - Part 124,https://www.youtube.com/watch?v=ulYNPbuga_g,Games Done Quick,www.youtube.com/channel/UCI3DTtB-a3fJPjKtQ5kYHfA,799K,None,"3,601,934","36,737","1,590"
Dark Souls Remastered - All bosses (Former World Record),https://www.youtube.com/watch?v=IACmjB2b-Jk,Elajjaz,www.youtube.com/channel/UCEqenmVLMGDN5yvbEQeaC7w,101K,None,"326,266","5,211",234
Sekiro: Shadows Die Twice by LilAggy in 1:35:53 - AGDQ2020,https://www.youtube.com/watch?v=IH5WfO-J_Co,Games Done Quick,www.youtube.com/channel/UCI3DTtB-a3fJPjKtQ5kYHfA,799K,None,"357,122","3,884",162
Asmongold Watches DS3 Any% Speedrun World Record [33:23] by Nemz38,https://www.youtube.com/watch?v=4nQ79OdObM0,Everything Twitch [Asmongold],www.youtube.com/channel/UCCmUEGCppmx4yUcmkDWrEwA,33.9K,None,"919,953","6,934","1,240"
Super Mario Odyssey by Bayleef in 3:21:12 - AGDQ2019,https://www.youtube.com/watch?v=Ad8XZhgKWeA,Games Done Quick,www.youtube.com/channel/UCI3DTtB-a3fJPjKtQ5kYHfA,799K,None,"3,185,639","14,296","1,515"
Resident Evil 4 by MikeWave in 1:33:40  - AGDQ2020,https://www.youtube.com/watch?v=DfKQ-GKi_CY,Games Done Quick,www.youtube.com/channel/UCI3DTtB-a3fJPjKtQ5kYHfA,799K,None,"457,849","6,075",191
AGDQ 2020 Finale - Super Metroid Impossible -,https://www.youtube.com/watch?v=52bXJDoJeig,Oatsngoats,www.youtube.com/channel/UC-2FjSTH5Gj1f9uceD4auOw,10.7K,None,"485,300","7,701",208
Mega Man 7 by PJ in 49:40 - AGDQ2020,https://www.youtube.com/watch?v=I7XOLYaozX8,Games Done Quick,www.youtube.com/channel/UCI3DTtB-a3fJPjKtQ5kYHfA,799K,None,"88,330",978,34
Cuphead by TheMexicanRunner in 48:42 - AGDQ2019,https://www.youtube.com/watch?v=7AzL9jQq_tQ,The Mexican Runner,www.youtube.com/channel/UCquRMmrgLmkc6gQ4Idnj4_Q,61.4K,None,"1,977,661","25,061",818
"Final Fantasy VIII by Tojju, Muttski and Luzbelheim in 9:10:18 - AGDQ2020",https://www.youtube.com/watch?v=sSF9-3KdauA,Games Done Quick,www.youtube.com/channel/UCI3DTtB-a3fJPjKtQ5kYHfA,799K,None,"275,683","2,433",270
Mega Man X4 by Qttsix in 41:28 - AGDQ2020,https://www.youtube.com/watch?v=6zD8fWOtq4M,Games Done Quick,www.youtube.com/channel/UCI3DTtB-a3fJPjKtQ5kYHfA,799K,None,"243,715","3,477",121
Sekiro: Shadows Die Twice by LilAggy in 26:20 - GDQx 2019,https://www.youtube.com/watch?v=v3_M6Wkj-t4,Games Done Quick,www.youtube.com/channel/UCI3DTtB-a3fJPjKtQ5kYHfA,799K,None,"568,987","5,151",241
Bloodborne by Ahady in 1:17:24 - GDQx 2019,https://www.youtube.com/watch?v=AzV2_SdQYX0,Games Done Quick,www.youtube.com/channel/UCI3DTtB-a3fJPjKtQ5kYHfA,799K,None,"312,929","2,796",85
Control by Bryonato in 1:08:47 - AGDQ2020,https://www.youtube.com/watch?v=ymSKf0FNANk,Games Done Quick,www.youtube.com/channel/UCI3DTtB-a3fJPjKtQ5kYHfA,799K,None,"112,255","1,939",51
Dark Souls II by Distortion2 in 2:35:57 SGDQ2019,https://www.youtube.com/watch?v=Gq80PkJi4eI,Games Done Quick,www.youtube.com/channel/UCI3DTtB-a3fJPjKtQ5kYHfA,799K,None,"791,788","6,810",348
AGDQ 2020 - Zelda: The Wind Waker Any% Speedrun in 1:13:36 by Linkus7,https://www.youtube.com/watch?v=-bYvKWTVXdA,Linkus7,www.youtube.com/channel/UCAnzaHhB0ONtwDkYdc3MFCw,42.1K,None,"184,372","4,096",67
BioShock by bloodthunder in 49:59 - AGDQ2020,https://www.youtube.com/watch?v=5Av68w-c1ns,Games Done Quick,www.youtube.com/channel/UCI3DTtB-a3fJPjKtQ5kYHfA,799K,None,"231,118","3,109",73
Rust - GOING DEEP leads to a RAIDING SPREE (Solo Survival),https://www.youtube.com/watch?v=LyCnf8ycyAk,Blooprint,www.youtube.com/channel/UCj-wTLj0p0YvTkS-9-ACm0A,531K,None,"628,453","21,422",360
DECEPTION - Rust (Movie),https://www.youtube.com/watch?v=0l2ejobciLg,Stevie,www.youtube.com/channel/UCj25EgqxLL4HlUYkug7duig,523K,None,"673,497","33,050",669
ROBBING A CLAN BASE COMPLETELY DRY after they FLY TO LARGE OIL RIG | RUST (1 of 5),https://www.youtube.com/watch?v=FFYFgM-ciW0,Friduwulf,www.youtube.com/channel/UCpqHUr1kJihYxNDQTK4t8rQ,161K,None,"167,527","4,196",248
TROLLING BETA STREAM SNIPERS from a GIANT SKY TOWER | RUST (5 of 6),https://www.youtube.com/watch?v=uba0v03Dd7A,Friduwulf,www.youtube.com/channel/UCpqHUr1kJihYxNDQTK4t8rQ,161K,None,"94,936","3,013",194
Island Fortress - DayZ Survivor - Episode 2,https://www.youtube.com/watch?v=gmFHAQuS2bM,USA,www.youtube.com/results?search_query=USA&sp=EiG4AQHCARtDaElKQ3pZeTVJUzE2bFFSUXJmZVE1SzVPeHc%253D,92.6K,None,"158,530","4,562",122
Giving MY BASE and LOOT to a BRAND NEW RUST PLAYER | Vanilla Rust (S3-FINALE),https://www.youtube.com/watch?v=WmSN0Ugwmd8,Friduwulf,www.youtube.com/channel/UCpqHUr1kJihYxNDQTK4t8rQ,161K,None,"53,349","1,410",96
Fighting the King of the Noobs! (Friduwulf vs. VERTiiGO) | Rust (Annihilation Event),https://www.youtube.com/watch?v=YfhycKQBHU4,Friduwulf,www.youtube.com/channel/UCpqHUr1kJihYxNDQTK4t8rQ,161K,None,"45,690",805,40
Rust - GUTTING THEIR BASE WITH ALL OUR ROCKETS!,https://www.youtube.com/watch?v=tVH042rCMYA,Taunted,www.youtube.com/channel/UCLIA48HKtdafC9Nme0gTrkg,52.7K,None,"73,791","2,284",93
SOLO OIL RIG  - Rust,https://www.youtube.com/watch?v=YJdtmrumHBo,Brit,www.youtube.com/channel/UCZHJqkZmqbCmucghMF-4qlg,128K,None,"52,003",455,46
24 HOURS OF RUST,https://www.youtube.com/watch?v=4pAbObJAtCo,Wally1k,www.youtube.com/channel/UCgON8HBBSs1YzkqS_M6o4AA,22.4K,None,"61,520","1,850",45
Rust - VENGEANCE against HACKERS!,https://www.youtube.com/watch?v=uxZeXUWedRw,Stevie,www.youtube.com/channel/UCj25EgqxLL4HlUYkug7duig,523K,None,"842,135","18,938",459
SHOP FRONT GRIEFING A CLOUT CHASING CLAN and MAKING THEM RAGEQUIT THE SERVER | RUST (2 of 5),https://www.youtube.com/watch?v=8_OzdZSMyEI,Friduwulf,www.youtube.com/channel/UCpqHUr1kJihYxNDQTK4t8rQ,161K,None,"196,459","4,894",382
Rust - The SPARK That Lights The FIRE [PART 1/2],https://www.youtube.com/watch?v=5izm1IAh41s,Blooprint,www.youtube.com/channel/UCj-wTLj0p0YvTkS-9-ACm0A,531K,None,"989,562","17,393",564
Shroud Going Hardcore Fresh Start New Account - Escape from Tarkov,https://www.youtube.com/watch?v=hKrnQy4tFhE,In the Game,www.youtube.com/channel/UC3eQSmQrbZdu1YFWjmiNLUg,None,None,"949,123","9,351",692
Raiding a BULLY ZERG and Giving the LOOT to the SERVER | Vanilla Rust,https://www.youtube.com/watch?v=GFb4h05PGMU,Friduwulf,www.youtube.com/channel/UCpqHUr1kJihYxNDQTK4t8rQ,161K,None,"102,737","2,178",157
TRAPPED by a SALTY CLAN after RAIDING a LOADED FRUSTRATOR Base | Vanilla Rust (S2-FINALE),https://www.youtube.com/watch?v=-q8O1U87Zrg,Friduwulf,www.youtube.com/channel/UCpqHUr1kJihYxNDQTK4t8rQ,161K,None,"54,144","1,675",176
200 IQ ZERG ECO RAIDS a TOXIC NEIGHBOUR - Rust [2/2],https://www.youtube.com/watch?v=CqO17B1h5jc,Sinks,www.youtube.com/channel/UCBLGReH8wxPMiBzScGLbFjQ,42.2K,None,"29,523","1,044",77
RAIDING WITH A RANDOM PLAYER - RUST,https://www.youtube.com/watch?v=e9Lw72vhk9I,Swales,www.youtube.com/channel/UCIUwVPOmzDb6QG-HKY740qg,157K,None,"173,417","4,701",95
Running a BANK VAULT for RUST PLAYERS - Rust Shop Roleplay,https://www.youtube.com/watch?v=vE2V9mLfhY4,Modgey,www.youtube.com/channel/UCdaDqym8WaT5_j1dNXZT77g,317K,None,"121,055","4,880",183
KICKING PEOPLE OUT OF MY CAR! *HILARIOUS!* | GTA 5 THUG LIFE #306,https://www.youtube.com/watch?v=0Ld-Z8hLaxE,XpertThief,www.youtube.com/channel/UCDwujczvdxbbVHg-V4-kC-A,5.19M,None,"491,858","16,475",453
Shroud Squad Top Streamers - Escape From Tarkov,https://www.youtube.com/watch?v=34tF2UR6cYg,In the Game,www.youtube.com/channel/UC3eQSmQrbZdu1YFWjmiNLUg,None,None,"190,499",896,92
TOP 25 Summit1g MOST VIEWED TWITCH CLIPS OF 2019,https://www.youtube.com/watch?v=LvjwKkWdyWE,Funny Gaming Videos,www.youtube.com/channel/UC10-zX7dHjuoxLqE4wFsn8A,12.7K,None,"116,272","1,003",46
None,https://www.youtube.com/watch?v=reGWjyocDpg,None,None,None,None,None,None,None
DrDisrespect & Shroud BOTH RAGE QUIT PUBG After STRUGGLING With Stream Snipers!,https://www.youtube.com/watch?v=XhjmkB1wwwY,The2Time,www.youtube.com/channel/UChYdOM1Qgzj9jnKrFWRBj8Q,42.5K,None,"350,643","3,481",259
Summit TROLLS Players with Wieners! (Summit1g Sea of Thieves Trolling NEDGATE),https://www.youtube.com/watch?v=U65FGJaYUds,Summm Memes,www.youtube.com/channel/UCDdolnLE6LbWfONeoKvxWOA,40.6K,None,"160,554","2,093",107
Shroud Going Hardcore Fresh Start New Account - Escape from Tarkov,https://www.youtube.com/watch?v=hKrnQy4tFhE,In the Game,www.youtube.com/channel/UC3eQSmQrbZdu1YFWjmiNLUg,None,None,"949,123","9,351",692
Doc's Funniest Game Ever on PUBG with Random Kid!,https://www.youtube.com/watch?v=FHkcnxp4250,Best Twitch Moments,www.youtube.com/channel/UCqpnY6vL5z__s630z9hSy1w,351K,None,"6,774,326","53,259","7,416"
Timthetatman Critiques The Doc's Fortnite Skills,https://www.youtube.com/watch?v=dTgTzzlmK_E,TwitchVids,www.youtube.com/channel/UCXohgHQE4srofgn1c31DV4g,48.4K,None,"861,246","11,248",574
xQc Reacts to WATCH PEOPLE DIE INSIDE COMPILATIONS,https://www.youtube.com/watch?v=7y6KjpAAthQ,xQcOW,www.youtube.com/channel/UCmDTrq0LNgPodDOFZiSbsww,625K,None,"178,455","4,578",76
Ultimate Escape From Tarkov Beginner Guide - EFT Tips and Tricks,https://www.youtube.com/watch?v=7tAXl7bp3EM,Geekseh,www.youtube.com/channel/UCguwMlqRUnsSUBrll-6D5DQ,36.2K,None,"933,371","29,601",518
DrDisRespect Dies and Spectates Hacker (Aimbot + WallHack) in Blackout! (11/30/18),https://www.youtube.com/watch?v=7lcYg-gUu4E,CHAMPIONS CLUB,www.youtube.com/channel/UCwFgZQ4rmtp4VbKvapwksIQ,None,None,"6,944,211","64,275","9,750"
10 Minutes of DrDisrespect and TimtheTatMan DRAMA,https://www.youtube.com/watch?v=rkwHzT8In3o,DrDisRespect,www.youtube.com/channel/UCcJL2ld6kxy_nuV1u7PVQ0g,1.4M,None,"1,141,068","27,576",577
At The Limit! - Escape From Tarkov,https://www.youtube.com/watch?v=b_CaZQ4bqO4,Anton,www.youtube.com/channel/UCAn1oI-WE2wiEtnAk0dMohw,99.5K,None,"54,809","1,666",43
SHROUD AND DRDISRESPECT BACK TO PUBG *FUNNY DUO*,https://www.youtube.com/watch?v=hHLk5SBHzU8,TwitchReacts,www.youtube.com/channel/UCEqOF1B64en-iPpvMn31oow,193K,None,"218,928","2,108",98
DrDisRespect's 31-KiII Game on PUBG with Shroud (DrDisRespect and Shroud Best PUBG Game),https://www.youtube.com/watch?v=XNQb7dbNHKc,Best Twitch Moments,www.youtube.com/channel/UCqpnY6vL5z__s630z9hSy1w,351K,None,"1,380,485","10,679",670
"DOC & SHROUD PUBG DUO - ""You're Psycho"" - Funny DrDisRespect",https://www.youtube.com/watch?v=XFvlSfk0ln8,Insane Stream Highlights & Gameplays,www.youtube.com/channel/UClEh-EXfqlJRnzluZ37RTJw,91.7K,None,"4,330,622","6,808","2,328"
Shroud 1.2 Million Run On Labs - Escape From Tarkov,https://www.youtube.com/watch?v=_gh2wtRrHts,In the Game,www.youtube.com/channel/UC3eQSmQrbZdu1YFWjmiNLUg,None,None,"458,037","3,955",298
Shroud REACTS to DrDisrespect vs Tyler1 CLASH Video | Shroud thinking about VLOGGING,https://www.youtube.com/watch?v=0EkjVAFiAzg,Legends Badass Clips,www.youtube.com/channel/UC0ey0SUs6vXry7I7RVSvNow,None,None,"869,688","9,348",311
Shroud Tips for New Players - Escape From Tarkov (Inventory Management and Gameplay),https://www.youtube.com/watch?v=C_DcEIU_q2M,In the Game,www.youtube.com/channel/UC3eQSmQrbZdu1YFWjmiNLUg,None,None,"249,770","2,930",265
DR DISRESPECT MEGA RAGE COMPILATION 2019,https://www.youtube.com/watch?v=okDN_CY5RNc,CHAMPIONS CLUB,www.youtube.com/channel/UCwFgZQ4rmtp4VbKvapwksIQ,None,None,"853,697","13,383",391
the ultimate fortnite fashion show,https://www.youtube.com/watch?v=wlrbaUle3Oc,McCreamy,www.youtube.com/channel/UC-sjC5fKKsrpcZRJwlZJzZQ,3.93M,None,"7,317,349","128,546","4,330"
*OG* FORTNITE FASHION SHOW! | MOST OG and EMOTES Wins! [7/8],https://www.youtube.com/watch?v=ckwbuL52VGk,#24 on Trending for gaming,www.youtube.com/feed/trending?bp=4gILCgkvbS8wYnp2bTI%3D,334K,None,"207,872","12,275",180
"Everytime i die, i play a BAD Fortnite RIP-OFF",https://www.youtube.com/watch?v=LdADdSZWADo,Tomato - Fortnite,www.youtube.com/channel/UC3yHtryql8S7y2jukpFsZSg,635K,None,"1,769,713","20,185","1,132"
15 Features REMOVED From Fortnite,https://www.youtube.com/watch?v=qhjx6l2tkK0,Top5Gaming,www.youtube.com/channel/UCYn6CZe5UGIyPe9WJb0pTrg,2.79M,None,"1,708,443","35,340","1,138"
FUNNIEST little kid voice changer! (7-Year-Old Voice Changer!),https://www.youtube.com/watch?v=4pRTSEMdEbM,Tiko,www.youtube.com/channel/UCW0wEGsLzmIgvQDOXgaz4vg,280K,None,"3,928,488","108,902","2,430"
I Unlocked LEVEL 500 in Chapter 2.. this HAPPENED!!,https://www.youtube.com/watch?v=JrWtNP8Az30,GhostNinja,www.youtube.com/channel/UCbkMvtBNkpIbHqQdKHJSb5A,4.04M,None,"478,632","33,721","1,948"
Last To Hit A TRICKSHOT LOSES (ft. SoaR Dylan & SoaR Plasma),https://www.youtube.com/watch?v=9rDhkRhCFMg,FaZe Orba,www.youtube.com/channel/UClyj3xWYNP3zlYJPsHSY_0A,249K,None,"401,511","8,773",229
big brain fortnite moments,https://www.youtube.com/watch?v=YUhmDMqk7gI,McCreamy,www.youtube.com/channel/UC-sjC5fKKsrpcZRJwlZJzZQ,3.93M,None,"5,190,423","216,740","3,111"
I Stream Sniped Ninja until he ASKED to 1v1 me on Fortnite...,https://www.youtube.com/watch?v=bLfo5cyKP0E,Kaidoz,www.youtube.com/channel/UCMeHAt_Yn0Z0PLdzp12KrKA,1.51M,None,"1,222,980","40,600","2,047"
Fortnite - The Rise of Pink Panda,https://www.youtube.com/watch?v=7DW2itgNYHo,devinsupertramp,www.youtube.com/channel/UCwgURKfUA7e0Z7_qE3TvBFQ,5.74M,None,"35,255,176","276,705","15,415"
I Hosted a RARE SKINS ONLY Fortnite Fashion Show for $100... (EVERY SKIN WAS RARE!),https://www.youtube.com/watch?v=eylzJY4w69k,Kiwiz,www.youtube.com/channel/UCGbexyIa0tgcHISmGjjPDww,2.66M,None,"1,000,876","59,073","1,910"
i hired a fortnite pro for 24 hours,https://www.youtube.com/watch?v=vafCbEkX9_E,McCreamy,www.youtube.com/channel/UC-sjC5fKKsrpcZRJwlZJzZQ,3.93M,None,"2,210,070","58,604","1,686"
The *RANDOM* Monopoly Skin CHALLENGE In Fortnite!,https://www.youtube.com/watch?v=Oy5Tthmd1b4,Lachlan,www.youtube.com/channel/UCh7EqOZt7EvO2osuKbIlpGg,12.4M,None,"8,485,951","111,624","2,774"
FORTNITE FAILS & WINS! #3 (Fortnite Battle Royale Best Moments),https://www.youtube.com/watch?v=6YJh3y2H1BU,Royale Clips,www.youtube.com/channel/UC2_q_FIJrbFad8tSUV1NIwg,504K,None,"305,742","3,361",174
"exposing ""anonymous"" players stats",https://www.youtube.com/watch?v=a4kmd0rcHd4,McCreamy,www.youtube.com/channel/UC-sjC5fKKsrpcZRJwlZJzZQ,3.93M,None,"4,618,239","171,587","2,669"
we literally broke fortnite,https://www.youtube.com/watch?v=5NMvcefLWXA,McCreamy,www.youtube.com/channel/UC-sjC5fKKsrpcZRJwlZJzZQ,3.93M,None,"3,328,948","135,577","2,100"
I Pretended My BABY Played Fortnite Squad Fill...,https://www.youtube.com/watch?v=g_7rCdKuNL0,Tomato - Fortnite,www.youtube.com/channel/UC3yHtryql8S7y2jukpFsZSg,635K,None,"541,642","14,905",216
WINNING with FIRST WEAPON CHALLENGE in Fortnite,https://www.youtube.com/watch?v=YGv9oaTGAos,Jarvis,www.youtube.com/channel/UCvxfEIG3PHpgM0TMJJ_SH-w,2.39M,None,"3,604,325","98,215","2,354"
"I Spent $10,000 to Beat Every Roblox Game",https://www.youtube.com/watch?v=wG1HKc-eY-Y,#1 on Trending for gaming,www.youtube.com/feed/trending?bp=4gILCgkvbS8wYnp2bTI%3D,12.5M,None,"2,577,961","150,753","1,916"
people say i'm the best sniper in the world,https://www.youtube.com/watch?v=S4dBedTFDC8,McCreamy,www.youtube.com/channel/UC-sjC5fKKsrpcZRJwlZJzZQ,3.93M,None,"10,849,746","230,443","6,419"
6 Hardest Easter Eggs of 2019 That Seemed IMPOSSIBLE,https://www.youtube.com/watch?v=tcPfpHhrhsg,gameranx,www.youtube.com/channel/UCNvzD7Z-g64bPXxGzaQaa4g,5.53M,None,"1,347,508","24,304",904
10 Crazy Things GTA Players Have Done,https://www.youtube.com/watch?v=mKz7quQlx1U,gameranx,www.youtube.com/channel/UCNvzD7Z-g64bPXxGzaQaa4g,5.53M,None,"7,528,880","108,355","5,600"
10 More GTA 5 Facts You Probably Didn't Know,https://www.youtube.com/watch?v=E7AIMv-CP5Y,gameranx,www.youtube.com/channel/UCNvzD7Z-g64bPXxGzaQaa4g,5.53M,None,"804,443","24,544",743
"2 PLAYER PERFECT STEALTH GUIDE (THE BIG CON, $2,427,000) | GTA Online Casino Heist Finale",https://www.youtube.com/watch?v=TJDUfJjgbcI,TGG,www.youtube.com/channel/UC72PuhDwKtZ5MikpGNhPAtA,56.8K,None,"824,327","16,663",294
10 Ridiculous SECRET Rooms Found In Recent Video Games,https://www.youtube.com/watch?v=3CIBBf7705g,gameranx,www.youtube.com/channel/UCNvzD7Z-g64bPXxGzaQaa4g,5.53M,None,"1,434,574","29,429","1,078"
50+ PS1 Facts - I Can't Believe These are True!,https://www.youtube.com/watch?v=vWNqrO9CbH4,Mystic,www.youtube.com/channel/UCPUjf6TfExQ-hOn51bklHcw,333K,None,"447,960","6,383",271
10 Fallout Vaults You'd NEVER Want To Live In,https://www.youtube.com/watch?v=_ognyFuZm-8,gameranx,www.youtube.com/channel/UCNvzD7Z-g64bPXxGzaQaa4g,5.53M,None,"827,134","21,542",614
10 GTA Fan Theories That CHANGE EVERYTHING,https://www.youtube.com/watch?v=pEg1ruOrv2c,gameranx,www.youtube.com/channel/UCNvzD7Z-g64bPXxGzaQaa4g,5.53M,None,"3,428,031","64,657","3,887"
TOP 10 CRAZY WTF Easter Eggs In Video Games,https://www.youtube.com/watch?v=JIsyYaeW97o,Captain Eggcellent,www.youtube.com/channel/UCmYuHwdOnUCH2wGkFnEZ7OA,369K,None,"226,048","5,221",141
The Elder Scrolls V: SKYRIM All Easter Eggs And Secrets HD,https://www.youtube.com/watch?v=ns9sY6JJ7R4,kacpi26,www.youtube.com/channel/UCm8U1YwDyvcoAtr8a_9tLIA,288K,None,"322,406","5,114",163
10 Little Gamers Who Did INCREDIBLE Things,https://www.youtube.com/watch?v=St4O1QEzp7M,gameranx,www.youtube.com/channel/UCNvzD7Z-g64bPXxGzaQaa4g,5.53M,None,"1,167,276","27,902",684
Grand Theft Space - Welcome to Mars,https://www.youtube.com/watch?v=ps94SeuNx6s,Jeff Favignano,www.youtube.com/channel/UCLVnwvxqF2n6CELUZaEJ3SQ,1.09M,None,"4,692,765","44,878","4,246"
Evolution of FIRE HYDRANTS Logic | GTA Games (2001-2020),https://www.youtube.com/watch?v=LN5Aa5RMu1U,ENXGMA,www.youtube.com/channel/UCFTjC8OaMv_kP5frj9UU1Rw,61.2K,None,"530,790","12,143",452
10 Recent Easter Eggs You WISH YOU FOUND FIRST,https://www.youtube.com/watch?v=wgBtXrDOlBU,gameranx,www.youtube.com/channel/UCNvzD7Z-g64bPXxGzaQaa4g,5.53M,None,"1,069,794","19,949",638
10 Game Easter Eggs That Took YEARS TO DISCOVER,https://www.youtube.com/watch?v=WinE0RkoCTA,gameranx,www.youtube.com/channel/UCNvzD7Z-g64bPXxGzaQaa4g,5.53M,None,"3,455,097","50,978","2,198"
7 Most Elaborate Easter Eggs of All Time,https://www.youtube.com/watch?v=Zr6xVy-9F7Q,gameranx,www.youtube.com/channel/UCNvzD7Z-g64bPXxGzaQaa4g,5.53M,None,"4,320,772","64,330","1,856"
10 Little GTA 5 Things You Probably Didn't Notice,https://www.youtube.com/watch?v=12H1b2A5SEQ,gameranx,www.youtube.com/channel/UCNvzD7Z-g64bPXxGzaQaa4g,5.53M,None,"3,654,375","73,752","3,028"
10 Things GTA 5 Players HATE,https://www.youtube.com/watch?v=ToRFov9E5ZM,gameranx,www.youtube.com/channel/UCNvzD7Z-g64bPXxGzaQaa4g,5.53M,None,"8,384,033","119,452","16,725"
Super Secret Rooms & Hidden Areas in Video Games!,https://www.youtube.com/watch?v=UIMxWvATCas,The Easter Egg Hunter,www.youtube.com/channel/UCWzUu14PomXO5VutMv-AP_g,433K,None,"194,805","6,219",94
10 HARDEST Video Game Choices That Made Us Sweat,https://www.youtube.com/watch?v=s8gpydaM-7w,gameranx,www.youtube.com/channel/UCNvzD7Z-g64bPXxGzaQaa4g,5.53M,None,"517,682","14,324",338
Is 4:55 the perfect speedrun? Super Mario Bros. World Record Explained,https://www.youtube.com/watch?v=4CgC2g43smA,Bismuth,www.youtube.com/channel/UCQ9STd0zeHrrQGJQEuvhuTw,64.8K,None,"6,397,502","80,928","3,668"
A Complete History of Pokemon Rumors - Did You Know Gaming? Feat. Remix,https://www.youtube.com/watch?v=gWX6zyb_Pkc,DidYouKnowGaming?,www.youtube.com/channel/UCyS4xQE6DK4_p3qXQwJQAyA,2.3M,None,"897,060","19,258",472
Huge Discovery Rocks Banjo-Kazooie Speedrunning!,https://www.youtube.com/watch?v=6mKVKFnXQ4k,Karl Jobst,www.youtube.com/channel/UC3ltptWa0xfrDweghW94Acg,157K,None,"818,605","18,853",684
Worst Console Launch Ever: Google Stadia - Rerez,https://www.youtube.com/watch?v=m0OYCMkr-_Q,Rerez,www.youtube.com/channel/UCoFpRCAsKfWAshvLE1bYzdw,239K,None,"1,079,766","36,165","2,753"
"I'M ""FLEE"" FALLING (i'm not sorry...) | Fleeing the Complex",https://www.youtube.com/watch?v=N9K2p54k9GA,Markiplier,www.youtube.com/channel/UC7_YxT-KID8kRbqZo7MyscQ,25M,None,"44,018,444","415,478","14,763"
Cuphead by TheMexicanRunner in 48:42 - AGDQ2019,https://www.youtube.com/watch?v=7AzL9jQq_tQ,The Mexican Runner,www.youtube.com/channel/UCquRMmrgLmkc6gQ4Idnj4_Q,61.4K,None,"1,977,661","25,061",818
I Anti-Scammed the Duel Arena Scammers,https://www.youtube.com/watch?v=V5_sCa1Sz24,KempQ,www.youtube.com/channel/UCl7FxeciaU48G-K6oIRH0xg,116K,None,"1,453,296","19,886","1,195"
Why Obtaining the True 121st Star in Super Mario 64 Will Be the Hardest Challenge Yet,https://www.youtube.com/watch?v=Cq_dZrJvsOM,SwankyBox,www.youtube.com/channel/UCF0SRAnWz56UBv-upYD0B5Q,337K,None,"804,051","27,308","1,792"
World's Most Infamous Donkey Kong Player Caught Cheating!,https://www.youtube.com/watch?v=234Y76_3YPE,Apollo Legend,www.youtube.com/channel/UC5t8u4kpE0WvLxkPWIp8n-g,283K,None,"5,181,693","89,362","4,283"
The story of how I solved Super Monkey Ball's biggest mystery,https://www.youtube.com/watch?v=inUkotGb-K4,Nick Robinson,www.youtube.com/channel/UCOuddH5GyBXp-_tv_ASdp_A,625K,None,"1,729,866","135,579","1,623"
The Impossible Level,https://www.youtube.com/watch?v=o68gmuWYvVA,ReflectivistFox,www.youtube.com/channel/UC7TYqYWHxY085CO2xPSZV6w,20.4K,None,"5,756,805","73,727","5,428"
The WORST Animated Movies of the Decade Tier List,https://www.youtube.com/watch?v=CgyCHDTU5-E,Saberspark,www.youtube.com/channel/UCeGGpOehPGG7vQMUVc7tG8Q,949K,None,"1,128,816","41,973","2,262"
Ruining FNaF by Dissecting the Animatronics' AI | Tech Rules,https://www.youtube.com/watch?v=ujg0Y5IziiY,Tech Rules,www.youtube.com/channel/UCpGCuiAOFIDurA-hU_p2E0w,158K,None,"812,355","45,203",677
This DOOM Challenge Took 23 YEARS To Complete!,https://www.youtube.com/watch?v=PlcpDAhF-NM,Karl Jobst,www.youtube.com/channel/UC3ltptWa0xfrDweghW94Acg,157K,None,"345,658","12,539",449
Animal Crossing Clones - Austin Eruption,https://www.youtube.com/watch?v=g0H4Jud0bK8,Austin Eruption,www.youtube.com/channel/UC0SyhPy7VsMQCIYDszFaplQ,157K,None,"359,481","10,106",494
10 Speedrunners Who Were Caught Cheating,https://www.youtube.com/watch?v=JdvFSQFZfK8,Apollo Legend,www.youtube.com/channel/UC5t8u4kpE0WvLxkPWIp8n-g,283K,None,"11,403,882","132,302","10,010"
Is it Possible to Beat Super Mario 64 DS Without Mario?,https://www.youtube.com/watch?v=xRmbFCFEOKc,Nathaniel Bandy,www.youtube.com/channel/UCRwczJ_nk1t9IGHyHfHbXRQ,640K,None,"5,604,933","83,849","2,290"
"Minecraft Skyblock All Achievements Speedrun in 2h59 - Timelapse (Hardcore, Including Bloopers!)",https://www.youtube.com/watch?v=H49i5mwdYbQ,Michael Hendriks,www.youtube.com/channel/UCSNsJvvc3LarXVkJ2H6e2zQ,44.4K,None,"7,055,332","93,154","5,162"
